{
  "moneyline": {
    "accuracy": 0.6278586278586279,
    "auc": 0.6881346118017682,
    "test_size": 3367
  },
  "contracts": {
    "accuracy": 0.6278586278586279,
    "auc": 0.6881346118017682,
    "test_size": 3367
  }
}