{
  "moneyline": {
    "accuracy": 0.6520584329349269,
    "auc": 0.6929399474776199,
    "test_size": 2259
  },
  "spread": {
    "accuracy": 0.6724214254094733,
    "auc": 0.7248803770053733,
    "test_size": 2259
  },
  "total": {
    "accuracy": 0.7441345728198318,
    "auc": 0.58465835575363,
    "test_size": 2259
  },
  "contracts": {
    "accuracy": 0.6542718016821603,
    "auc": 0.6900163951075837,
    "test_size": 2259
  }
}