{
  "moneyline": {
    "accuracy": 0.5516633064516129,
    "auc": 0.6265455233652035
  },
  "spread": {
    "accuracy": 0.5514112903225806
  },
  "total": {
    "accuracy": 0.639616935483871
  }
}